stories_id,publish_date,title,url,language,ap_syndicated,themes,media_id,media_name,media_url
"1737582811","2020-10-13 12:20:18","How SuperRare Uses Ethereum To Make A Market For Art","http://feeds.benzinga.com/~r/benzinga/~3/P-15IgVAhmI/how-superrare-uses-ethereum-to-make-a-market-for-art","en","False","","22041","Benzinga","http://www.benzinga.com"
"1751635348","2020-10-27 15:26:00","How blockchain technology reached Christie's and changed the art world along the way","https://www.nbcnews.com/tech/tech-news/how-blockchain-technology-reached-christie-s-changed-art-world-along-n1244951","en","False","","34663","NBC Breaking News","http://www.breakingnews.com#spider"
"1772079810","2020-11-17 09:00:00","Enjoy the Futility of Existence with David OReilly's Latest Interactive Art","https://www.vice.com/en_us/article/n7vnqw/david-oreilly-you-are-here-crypto-auction","en","False","","300613","VICE","http://www.vice.com/en_us"
"1810246086","2020-12-29 11:47:24","Photographer JN Silva And Artist ThankYouX Team Up For Digital Art Drop Using Blockchain","http://feeds.benzinga.com/~r/benzinga/~3/44EhGu-PqMY/photographer-jn-silva-and-artist-thankyoux-team-up-for-digital-art-drop-using-blockchain","en","False","","22041","Benzinga","http://www.benzinga.com"
"1821450041","2021-01-12 06:00:00","Exclusive: 28-Minute Mega Mix Of Space Yacht‚Äôs Forthcoming ‚ÄòTECH MY HOUSE‚Äô Compilation","https://www.forbes.com/sites/lisakocay/2021/01/12/exclusive-28-minute-mega-mix-of-space-yachts-forthcoming-tech-my-house-compilation/","en","False","","1104","Forbes","http://www.forbes.com/"
"1821567311","2021-01-12 08:09:00","Bitcoin Historian Elias Ahonen Publishes 2nd Book, A 500-page 'History Of Cryptocurrency'","https://www.thestreet.com/press-releases/bitcoin-historian-elias-ahonen-publishes-2nd-book-a-500-page-history-of-cryptocurrency-15536196","en","False","","21619","The Street","http://www.thestreet.com"
"1848275854","2021-02-10 12:00:00","Crypto Conversation: No 'Masking' the Big Money Flowing Into This Crypto Art","https://www.thestreet.com/investing/cryptocurrency/crypto-conversation-no-masking-the-big-money-flowing-into-this-crypto-art","en","False","","21619","The Street","http://www.thestreet.com"
"1852377239","2021-02-15 00:10:00","French Banking Giant BNP Paribas Details Explosion Of New Crypto Sector With $250 Million Sales Volume","https://www.forbes.com/sites/ninabambysheva/2021/02/15/french-banking-giant-bnp-paribas-details-explosion-of-new-crypto-sector-with-250-million-sales-volume/","en","False","","1104","Forbes","http://www.forbes.com/"
"1853761254","2021-02-16 08:00:00","From Crypto To Christie‚Äôs: How Beeple Put Digital Art On The Map‚ÄîAnd Then Catalyzed Its Market","https://www.forbes.com/sites/jessedamiani/2021/02/16/from-crypto-to-christies-how-beeple-put-digital-art-on-the-map-and-then-catalyzed-its-market/","en","False","","1104","Forbes","http://www.forbes.com/"
"1854377923","2021-02-16 21:25:22","The Curious Case Of Brad Pitt On Clubhouse","https://www.forbes.com/sites/jessedamiani/2021/02/16/the-curious-case-of-brad-pitt-on-clubhouse/","en","False","","1104","Forbes","http://www.forbes.com/"
"1856277390","2021-02-18 13:00:00","Nyan Cat is being sold as a one-of-a-kind piece of crypto art","https://www.theverge.com/2021/2/18/22287956/nyan-cat-crypto-art-foundation-nft-sale-chris-torres","en","False","","107634","Verge","http://theverge.com/"
"1857718800","2021-02-19 19:04:00","One-of-a-Kind Nyan Cat Gif Sold in Crypto Art Auction to Celebrate Meme's 10-Year Anniversary","https://gizmodo.com/one-of-a-kind-nyan-cat-gif-sold-in-crypto-art-auction-t-1846312536","en","False","","4469","Gizmodo","http://gizmodo.com"
"1860914238","2021-02-23 13:51:09","'Nyan Cat' flying Pop-Tart meme sells for nearly $600,000 as one-of-a-kind crypto art","https://www.businessinsider.com/ethereum-nft-meme-art-nyan-cat-sells-for-300-eth-2021-2","en","False","","18710","Business Insider","http://www.businessinsider.com"
"1861342032","2021-02-24 00:31:23","Fintech Focus For February 24, 2021","http://feeds.benzinga.com/~r/benzinga/~3/og2AErjv3h0/fintech-focus-for-february-24-2021","en","False","","22041","Benzinga","http://www.benzinga.com"
"1862372146","2021-02-24 18:53:35","Beeple Brings Crypto to Christie‚Äôs","https://www.nytimes.com/2021/02/24/arts/design/christies-beeple-auction-blockchain-art.html","en","False","","1","New York Times","http://nytimes.com"
"1863044671","2021-02-25 08:33:04","Why people are buying crypto art and sports memorabilia for thousands of dollars","https://www.cnbc.com/2021/02/25/nfts-why-digital-art-and-sports-collectibles-are-suddenly-so-popular.html","en","False","","1755","CNBC","http://www.cnbc.com/"
"1865098132","2021-02-27 08:26:25","If you haven‚Äôt followed NFTs, here‚Äôs why you should start","https://techcrunch.com/2021/02/27/if-you-havent-followed-nfts-heres-why-you-should-start/","en","False","","4438","TechCrunch","http://techcrunch.com"
"1865673448","2021-02-28 05:00:11","Turns out selling cat memes is a purr-fect opportunity for entrepreneurs | Gene Marks","https://www.theguardian.com/business/2021/feb/28/nyan-cat-meme-sold-crypto-digital-art","en","False","","623382","Guardian","http://www.theguardian.com/us"
"1865689791","2021-02-28 05:00:11","Turns out selling cat memes is a purr-fect opportunity for entrepreneurs | Gene Marks","https://www.theguardian.com/business/2021/feb/28/nyan-cat-meme-sold-crypto-digital-art","en","False","","1751","Guardian US","https://www.theguardian.com/us"
"1865728243","2021-02-28 07:00:01","Confused About Bitcoin as I Am? Some Answers to Your Questions | Opinion","https://www.newsweek.com/confused-about-bitcoin-i-am-some-answers-your-questions-opinion-1570972","en","False","","1098","Newsweek ","http://www.newsweek.com/"
"1865727679","2021-02-28 07:00:01","Confused About Bitcoin as I Am? Some Answers to Your Questions | Opinion","https://www.newsweek.com/confused-about-bitcoin-i-am-some-answers-your-questions-opinion-1570972","en","False","","56510","Newsweek","http://newsweek.com/"
"1866011049","2021-02-28 15:01:14","Grimes Auctioning Off 10 Pieces of NFT Digital Artwork","https://www.rollingstone.com/music/music-news/grimes-nft-digital-artwork-1134516/","en","False","","5521","Rolling Stone","http://www.rollingstone.com"
"1866714921","2021-03-01 10:39:19","What Are NFTs? Is It the Future Or Just Another Crypto Fad?","https://www.ibtimes.com/what-are-nfts-it-future-or-just-another-crypto-fad-3154128?utm_source=Public&utm_medium=Feed&utm_campaign=Distribution","en","False","","41550","IBTimes","http://www.ibtimes.com/"
"1867914617","2021-03-02 13:16:51","Musician 3LAU sells the world's first-ever crypto-albums, making $11.6 million in under 24 hours","https://www.businessinsider.com/nft-ultraviolet-3lau-first-ever-crypto-albums-sales-11-million-2021-3","en","False","","18710","Business Insider","http://www.businessinsider.com"
"1868381741","2021-03-03 01:44:10","People are paying millions for clips that can be viewed for free. Welcome to the world of ‚ÄòNFTs‚Äô","https://www.cnbc.com/2021/03/03/what-are-nfts-all-you-need-to-know-about-crypto-collectibles.html","en","False","","1755","CNBC","http://www.cnbc.com/"
"1869147300","2021-03-03 16:24:02","Chips, vaccines, and 'techno autocracies' ‚Äî Why Big Tech and Biden are going to be friends","https://www.businessinsider.com/chips-vaccines-techno-autocracies-show-future-of-biden-and-tech-2021-3","en","False","","18710","Business Insider","http://www.businessinsider.com"
"1869235662","2021-03-03 19:00:01","Burned Banksy NFT Sets Art And Crypto Worlds Alight","https://www.forbes.com/sites/lawrencewintermeyer/2021/03/03/burned-banksy-nft-sets-art-and-crypto-worlds-alight/","en","False","","1104","Forbes","http://www.forbes.com/"
"1869841849","2021-03-04 09:28:00","Own The Masterpieces Of The Future As Living Paintings Of Light - Crypto Artist Olzup Offers Two Pieces Of Digital Fine Art On Rarible","https://www.thestreet.com/press-releases/own-the-masterpieces-of-the-future-as-living-paintings-of-light-crypto-artist-olzup-offers-two-pieces-of-digital-fine-art-on-rarible-15586243","en","False","","21619","The Street","http://www.thestreet.com"
"1870115416","2021-03-04 14:21:34","Mark Cuban: Crazy NFT prices 'will settle down' over time, but the tech is here to stay","https://www.cnbc.com/2021/03/04/mark-cuban-nft-pricing-will-settle-down-over-time.html","en","False","","1755","CNBC","http://www.cnbc.com/"
"1870133330","2021-03-04 14:36:54","What is cryptoart, how much does it cost and can you hang it on your wall?","https://www.theguardian.com/culture/2021/mar/05/what-is-cryptoart-how-much-does-it-cost-and-can-you-hang-it-on-your-wall","en","False","","1751","Guardian US","https://www.theguardian.com/us"
"1870145133","2021-03-04 14:36:54","What is cryptoart, how much does it cost and can you hang it on your wall?","https://www.theguardian.com/culture/2021/mar/05/what-is-cryptoart-how-much-does-it-cost-and-can-you-hang-it-on-your-wall","en","False","","623382","Guardian","http://www.theguardian.com/us"
"1870250645","2021-03-04 17:41:41","Fintech Focus For March 5, 2021","http://feeds.benzinga.com/~r/benzinga/~3/IoAW53bHocg/fintech-focus-for-march-5-2021","en","False","","22041","Benzinga","http://www.benzinga.com"
"1870319315","2021-03-04 20:13:00","Four Things Brands Need To Know About NFTs (Non-Fungible Tokens)","https://www.forbes.com/sites/cathyhackl/2021/03/04/four-things-brands-need-to-know-about-nfts-non-fungible-tokens/","en","False","","1104","Forbes","http://www.forbes.com/"
"1870496107","2021-03-04 16:15:00","A Small Choral Group Is Betting Big On Tokenizing Their Art With Blockchain","https://www.npr.org/2021/03/04/973791982/a-small-choral-group-is-betting-big-on-tokenizing-their-art-with-blockchain","en","False","","1096","NPR","http://www.npr.org/"
"1871208135","2021-03-05 16:59:31","NFT Art Isn't as Groundbreaking as It Seems","https://www.vice.com/en_us/article/4ad9ww/nft-crypto-digital-blockchain-art-explainer","en","False","","300613","VICE","http://www.vice.com/en_us"
"1871821190","2021-03-06 10:00:01","The sports trading card boom: Baseball cards selling for millions and the crypto craze hits NBA Top Shots","https://www.cnbc.com/2021/03/06/explaining-sports-trading-card-boom.html","en","False","","1755","CNBC","http://www.cnbc.com/"
"1871821445","2021-03-06 07:00:00","NFTs Are Hot. So Is Their Effect on the Earth‚Äôs Climate","https://www.wired.com/story/nfts-hot-effect-earth-climate","en","False","","39849","wired","http://www.wired.com/"
"1872381531","2021-03-07 08:50:00","NFT artists who are making millions on their creations say the craze could permanently change the traditional art world","https://www.businessinsider.com/nft-artists-make-millions-traditional-galleries-adapt-cryptoart-2021-3","en","False","","18710","Business Insider","http://www.businessinsider.com"
"1873350466","2021-03-08 12:06:16","Azealia Banks Sold a Sex Tape with Ryder Ripps on the Blockchain for $17K","https://www.vice.com/en_us/article/7k9y4b/azealia-banks-sex-tape-album-nft","en","False","","300613","VICE","http://www.vice.com/en_us"
"1873785507","2021-03-09 01:00:49","Flying cats and a burning Banksy: why are digital art prices suddenly rocketing?","https://www.theguardian.com/artanddesign/2021/mar/09/nfts-flying-cats-burning-banksy-digital-art-crypto-art-bitcoin-rocketing","en","False","","1751","Guardian US","https://www.theguardian.com/us"
"1873853835","2021-03-09 01:00:49","Flying cats and a burning Banksy: why are digital art prices suddenly rocketing?","https://www.theguardian.com/artanddesign/2021/mar/09/nfts-flying-cats-burning-banksy-digital-art-crypto-art-bitcoin-rocketing","en","False","","623382","Guardian","http://www.theguardian.com/us"
"1874461225","2021-03-09 14:58:56","Memes for sale","https://techcrunch.com/2021/03/09/memes-for-sale/","en","False","","4438","TechCrunch","http://techcrunch.com"
"1874485859","2021-03-09 14:02:04","Azealia Banks Gets Into The NFT Game ‚Äî With An Audio Sex Tape","https://uproxx.com/music/azealia-banks-nft-sex-tape/","en","False","","68816","uproxx.com","http://www.uproxx.com/#spider"
"1874561746","2021-03-09 17:29:11","Taco Bell celebrated the return of potatoes to its menu with taco NFTs that sold out in minutes. Now, they're reselling for thousands of dollars.","http://feedproxy.google.com/~r/businessinsider/~3/0LLxY26Pr7A/taco-bell-potatoes-return-celebrated-with-nft-crypto-collectibles-2021-3","en","False","","18710","Business Insider","http://www.businessinsider.com"
"1874879638","2021-03-10 03:01:30","How much would you pay for a virtual sofa?","https://qz.com/1976132/nft-could-change-the-future-of-the-furniture-design-industry/","en","False","","67264","Quartz","http://qz.com/#spider"
"1875058315","2021-03-10 06:42:43","How NFTs are fueling a digital art boom","http://rss.cnn.com/~r/rss/cnn_latest/~3/rSJlm1U-wxw/index.html","en","False","","1095","CNN","http://www.cnn.com/"
"1875059537","2021-03-10 06:42:43","How NFTs are fueling a digital art boom","http://rss.cnn.com/~r/rss/cnn_latest/~3/rSJlm1U-wxw/index.html","en","False","","20088","CNN U.S. Edition","http://us.cnn.com"
"1875223835","2021-03-10 08:00:00","NFTs storm the art world. But that's just the 'tip of the iceberg'     - CNET","https://www.cnet.com/news/nfts-have-stormed-the-art-world-but-thats-just-the-tip-of-the-iceberg/#ftag=CADf328eec","en","False","","4415","CNET","http://cnet.com"
"1875340576","2021-03-10 11:22:00","Brett Arends's ROI: NFTs: Retire early, retire rich!","http://www.marketwatch.com/news/story.asp?guid=%7B21005575-02D4-D4B5-4572-D2F520E2A189%7D&siteid=rss&rss=1","en","False","","35170","Marketwatch","https://www.marketwatch.com/"
"1875342377","2021-03-10 11:22:00","Brett Arends's ROI: NFTs: Retire early, retire rich!","http://www.marketwatch.com/news/story.asp?guid=%7B21005575-02D4-D4B5-4572-D2F520E2A189%7D&siteid=rss&rss=1","en","False","","1150","Wall Street Journal","https://www.wsj.com/"
"1875347248","2021-03-10 09:20:00","How to Fix Crypto Art NFTs' Carbon Pollution Problem","https://earther.gizmodo.com/how-to-fix-crypto-art-nfts-carbon-pollution-problem-1846440312","en","False","","4469","Gizmodo","http://gizmodo.com"
"1875918727","2021-03-11 02:59:18","10 things in tech you need to know today","https://www.businessinsider.com/10-things-in-tech-roblox-tacobell-nft-11-2021-3","en","False","","18710","Business Insider","http://www.businessinsider.com"
"1876276090","2021-03-11 10:10:23","NFTs are both priceless and worthless","https://www.engadget.com/nft-explainer-digital-art-collectibles-blockchain-environment-business-investment-cryptocurrency-153023551.html","en","False","","41231","engadget","http://www.engadget.com/"
"1876331508","2021-03-11 11:15:47","The guy in the famous 'Bad Luck Brian' meme sold it as crypto-art for $36,000","https://www.businessinsider.com/bad-luck-brian-meme-nft-crypto-art-blockchain-ethereum-foundation-2021-3","en","False","","18710","Business Insider","http://www.businessinsider.com"
"1876373526","2021-03-11 11:39:00","Beeple Sends Crypto-Art Prices üöÄ With $69 Million NFT Sale","https://gizmodo.com/beeple-sends-crypto-art-prices-with-69-million-nft-1846454426","en","False","","4469","Gizmodo","http://gizmodo.com"
"1876548020","2021-03-11 15:05:17","How in the World Did a ‚ÄúDigital Artwork‚Äù Sell for $69 Million at Christie‚Äôs?","https://slate.com/technology/2021/03/beeple-auction-christies-nft-69-million-explained-why-why-why.html?via=rss","en","False","","19643","Slate.com","http://www.slate.com"
"1876608974","2021-03-11 14:48:00","Beeple JPG File Sells For $69 Million, Setting Crypto Art Record","https://www.npr.org/2021/03/11/976141522/beeple-jpg-file-sells-for-69-million-setting-crypto-art-record","en","False","","1096","NPR","http://www.npr.org/"
"1876628857","2021-03-11 18:08:31","Amazon is planning a push into podcast advertising","https://www.businessinsider.com/insiders-top-advertising-and-media-stories-for-march-12-2021-3","en","False","","18710","Business Insider","http://www.businessinsider.com"
"1877190073","2021-03-12 09:00:00","With NFTs, Musicians See a Way to Finally Take Control","https://www.vice.com/en_us/article/v7ma5d/with-nfts-musicians-see-a-way-to-finally-take-control","en","False","","300613","VICE","http://www.vice.com/en_us"
"1877233422","2021-03-12 10:00:28","Can you beat Google with Google‚Äôs brains?","https://techcrunch.com/2021/03/12/can-you-beat-google-with-googles-brains/","en","False","","4438","TechCrunch","http://techcrunch.com"
"1877274597","2021-03-12 10:37:06","Watch Beeple react to his crypto art selling for $69 million, making him the third most valuable living artist: 'I'm going to Disney World!'","https://www.businessinsider.com/beeple-response-to-nft-selling-for-69-million-reaction-video-2021-3","en","False","","18710","Business Insider","http://www.businessinsider.com"
"1877414889","2021-03-12 13:21:13","Buyer of $69 million crypto art revealed as mysterious founder of NFT fund, who says the artwork is 'worth $1 billion'","https://www.businessinsider.com/who-bought-beeple-nft-art-buyer-revealed-metakovan-metapurse-2021-3","en","False","","18710","Business Insider","http://www.businessinsider.com"
"1877598152","2021-03-12 18:03:12","Will Cryptocurrencies Transform The Broader Art World After $69.3 Million Sale? Etherium Experts Offer Insight","https://www.forbes.com/sites/natashagural/2021/03/12/will-cryptocurrencies-transform-the-broader-art-world-after-693-million-sale-etherium-experts-offer-insight/","en","False","","1104","Forbes","http://www.forbes.com/"
"1877903133","2021-03-13 05:26:01","Buyer behind $69m record-breaking art sale revealed","http://rss.cnn.com/~r/rss/cnn_latest/~3/65Q0YvRWBYg/index.html","en","False","","20088","CNN U.S. Edition","http://us.cnn.com"
"1877916518","2021-03-13 05:26:01","Buyer behind $69m record-breaking art sale revealed","http://rss.cnn.com/~r/rss/cnn_latest/~3/65Q0YvRWBYg/index.html","en","False","","1095","CNN","http://www.cnn.com/"
"1877966188","2021-03-13 05:00:23","Investment Mania: From Crypto Art to Trading Cards","https://www.nytimes.com/2021/03/13/technology/crypto-art-NFTs-trading-cards-investment-manias.html","en","False","","1","New York Times","http://nytimes.com"
"1877990066","2021-03-13 08:10:00","'It's been a motherf---ing rocket ride' : A top NFT artist who's sold over $60 million worth of crypto art breaks down how he's capitalizing on the sudden boom ‚Äî and shares how he positions his own portfolio","https://www.businessinsider.com/investing-strategy-nft-outlook-crypto-art-artist-beeple-mike-winkelmann-2021-3","en","False","","18710","Business Insider","http://www.businessinsider.com"
"1878030396","2021-03-13 09:00:00","So you spent millions on an NFT. Here's what you actually bought.","http://feeds.mashable.com/~r/Mashable/~3/2i7QSS2CdoM/","en","False","","5527","Mashable!","http://mashable.com"
"1878614736","2021-03-14 08:22:00","From Paris Hilton to Christie's auction house: How NFTs went mainstream","https://www.businessinsider.com/how-nfts-went-mainstream-cryptocurrency-blockchain-2021-3","en","False","","18710","Business Insider","http://www.businessinsider.com"
"1878646805","2021-03-14 09:13:07","Selling crypto art can come with huge hidden fees, leading some people to lose hundreds","https://www.businessinsider.com/nft-investing-crypto-art-what-is-a-gas-fee-explained-2021-3","en","False","","18710","Business Insider","http://www.businessinsider.com"
"1878659736","2021-03-14 09:45:23","We bought an NFT. Here's what we learned","http://rss.cnn.com/~r/rss/cnn_latest/~3/eDImGnbBGHA/index.html","en","False","","1095","CNN","http://www.cnn.com/"
"1878676288","2021-03-14 09:45:23","We bought an NFT. Here's what we learned","http://rss.cnn.com/~r/rss/cnn_latest/~3/eDImGnbBGHA/index.html","en","False","","20088","CNN U.S. Edition","http://us.cnn.com"
"1878774297","2021-03-13 18:27:00","Creator Shuts Down Popular Crypto Art Carbon Calculator for 'Abuse and Harassment'","https://earther.gizmodo.com/creator-shuts-down-popular-crypto-art-carbon-calculator-1846472067","en","False","","4469","Gizmodo","http://gizmodo.com"
"1879290400","2021-03-15 06:51:56","10 things you need to know before the opening bell","https://www.businessinsider.com/opening-bell-march-15-2021-3","en","False","","18710","Business Insider","http://www.businessinsider.com"
"1879389276","2021-03-15 08:58:55","Why would anyone buy crypto art ‚Äì let alone spend millions on what's essentially a link to a JPEG file?","https://theconversation.com/why-would-anyone-buy-crypto-art-let-alone-spend-millions-on-whats-essentially-a-link-to-a-jpeg-file-157115","en","False","","54346","Conversation","https://theconversation.com/us"
"1879483242","2021-03-15 09:51:11","The climate controversy swirling around NFTs","https://www.theverge.com/2021/3/15/22328203/nft-cryptoart-ethereum-blockchain-climate-change","en","False","","107634","Verge","http://theverge.com/"
"1879493607","2021-03-15 10:48:04","Short-sellers have tripled bets against SPACs since the start of 2021 amid fears the blank-check frenzy has gone too far","https://markets.businessinsider.com/news/stocks/short-sellers-tripled-bets-against-spacs-this-year-bubble-fears-2021-3-1030205372","en","False","","18710","Business Insider","http://www.businessinsider.com"
"1879557669","2021-03-15 11:20:00","The Conversation: Why would anyone buy a pricey piece of crypto art, which is essentially a link to a JPEG file?","http://www.marketwatch.com/news/story.asp?guid=%7B21005575-02D4-D4B5-4572-D30B29482F90%7D&siteid=rss&rss=1","en","False","","35170","Marketwatch","https://www.marketwatch.com/"
"1879572887","2021-03-15 11:20:00","The Conversation: Why would anyone buy a pricey piece of crypto art, which is essentially a link to a JPEG file?","http://www.marketwatch.com/news/story.asp?guid=%7B21005575-02D4-D4B5-4572-D30B29482F90%7D&siteid=rss&rss=1","en","False","","1150","Wall Street Journal","https://www.wsj.com/"
"1879574424","2021-03-15 12:29:59","The Work of NFT Art in the Age of Blockchain Production","https://observer.com/2021/03/nft-max-osiris-foundation-art-dadaism-cryptoart/","en","False","","21091","observer.com","http://www.observer.com"
"1879591534","2021-03-15 12:53:03","How NFT mania helped digital artist Beeple sell a piece of crypto art for $69 million at a Christie's auction","https://www.businessinsider.com/beeple-nft-mike-winkelmann-digital-art-christies-2021-3","en","False","","18710","Business Insider","http://www.businessinsider.com"
"1879707551","2021-03-15 15:16:20","Mark Cuban explains how NFTs could provide new revenue streams for small businesses and creators","https://www.businessinsider.com/what-nfts-mean-how-small-businesses-creators-make-money-nonfungible-tokens","en","False","","18710","Business Insider","http://www.businessinsider.com"
"1879777932","2021-03-15 17:30:55","The NFT market is just getting started, but where is it headed?","https://techcrunch.com/2021/03/15/the-nft-market-is-just-getting-started-but-where-is-it-headed/","en","False","","4438","TechCrunch","http://techcrunch.com"
"1879816041","2021-03-15 18:37:27","Zimmerman Advertising employees say they feel pressure to return to the office","https://www.businessinsider.com/insiders-top-advertising-and-media-stories-for-march-16-2021-3","en","False","","18710","Business Insider","http://www.businessinsider.com"
"1879834288","2021-03-15 18:48:53","Why the Hell Would Someone Pay $69M for a Link to a JPEG?","https://www.thedailybeast.com/why-the-hell-would-someone-pay-dollar69m-for-an-nft-by-beeple?source=articles&via=rss","en","False","","1707","Daily Beast","http://www.thedailybeast.com/"
"1880135790","2021-03-16 04:15:34","10 things in tech you need to know today","https://www.businessinsider.com/10-things-in-tech-elonmusk-twitter-disney-2021-3","en","False","","18710","Business Insider","http://www.businessinsider.com"
"1880467048","2021-03-16 11:33:34","Famed auction house Sotheby's is getting in on the crypto-art craze","https://www.businessinsider.com/sothebys-nft-art-sales-pak-auction-2021-3","en","False","","18710","Business Insider","http://www.businessinsider.com"
"1880490448","2021-03-16 12:00:00","Rapper Ja Rule is selling a physical painting from his Fyre Festival days as crypto art","https://www.businessinsider.com/ja-rule-sells-nft-fyre-festival-painting-flipkick-2021-3","en","False","","18710","Business Insider","http://www.businessinsider.com"
"1880515492","2021-03-16 12:25:07","The future of NFTS: Gen Z VCs predict which industries will be transformed by non-fungible tokens","https://www.businessinsider.com/8-gen-z-vcs-predict-the-future-of-nfts-2021-3","en","False","","18710","Business Insider","http://www.businessinsider.com"
"1880605469","2021-03-16 14:50:00","Elon's Doing Another Bit","https://gizmodo.com/elons-doing-another-bit-1846487147","en","False","","4469","Gizmodo","http://gizmodo.com"
"1880654677","2021-03-16 15:45:26","Auction house Sotheby's enters NFT world through collaboration with digital artist Pak","https://www.cnbc.com/2021/03/16/sothebys-enters-nft-world-in-collaboration-with-digital-artist-pak.html","en","False","","1755","CNBC","http://www.cnbc.com/"
"1880680027","2021-03-16 16:04:00","A Hacker Just Stole $5.7 Million From Social Token Startup Roll","https://gizmodo.com/a-hacker-just-stole-5-7-million-from-social-token-star-1846485513","en","False","","4469","Gizmodo","http://gizmodo.com"
"1880698425","2021-03-16 11:52:46","Mick Jenkins And Kaytranada Reunite On The Laid-Back ‚ÄòDesigner Frames‚Äô","https://uproxx.com/music/mick-jenkins-kaytranada-designer-frames/","en","False","","68816","uproxx.com","http://www.uproxx.com/#spider"
"1881245101","2021-03-17 08:09:44","Tax surprise looms for NFT investors who use crypto","https://www.cnbc.com/2021/03/17/tax-surprise-looms-for-nft-investors-who-use-crypto-.html","en","False","","1755","CNBC","http://www.cnbc.com/"
"1881303261","2021-03-17 09:00:00","SXSW got canceled by the pandemic. So it built Austin in VR for 2021.","http://feeds.mashable.com/~r/Mashable/~3/VtQXfL-QVXg/","en","False","","5527","Mashable!","http://mashable.com"
"1881358175","2021-03-17 10:11:00","Charmin¬Æ Rolls Out First-Ever NFT(P)","https://www.thestreet.com/press-releases/charmin-reg-rolls-out-first-ever-nft-p-15598512","en","False","","21619","The Street","http://www.thestreet.com"
"1881512510","2021-03-17 13:12:35","NFTs are in the toilet: Charmin is selling toilet paper-themed crypto art","https://www.theverge.com/tldr/2021/3/17/22336115/charmin-nft-toilet-paper-cryptoart-marketing","en","False","","107634","Verge","http://theverge.com/"
"1881535302","2021-03-17 13:42:47","What is an NFT? Non-fungible tokens explained","http://rss.cnn.com/~r/rss/cnn_latest/~3/2NcyZO87iIk/index.html","en","False","","20088","CNN U.S. Edition","http://us.cnn.com"
"1881542240","2021-03-17 13:42:47","What is an NFT? Non-fungible tokens explained","http://rss.cnn.com/~r/rss/cnn_latest/~3/2NcyZO87iIk/index.html","en","False","","1095","CNN","http://www.cnn.com/"
"1881546224","2021-03-17 14:20:55","What are NFTs and why are people paying millions for them?","https://theconversation.com/what-are-nfts-and-why-are-people-paying-millions-for-them-157035","en","False","","54346","Conversation","https://theconversation.com/us"
"1882315880","2021-03-18 09:00:00","‚ÄòBuilding the Cockchain:‚Äô How NSFW Artists Are Shaping the Future of NFTs","https://www.vice.com/en_us/article/88aybx/building-the-cockchain-how-nsfw-artists-are-shaping-the-future-of-nfts","en","False","","300613","VICE","http://www.vice.com/en_us"
"1882354743","2021-03-18 11:02:13","Takung Art, Sino-Global Higher on Crypto-Related Reports","https://www.thestreet.com/investing/takung-and-sino-global-shares-up-on-crypto-reports","en","False","","21619","The Street","http://www.thestreet.com"
"1882429427","2021-03-18 12:33:02","He Sold A Digital ‚ÄòCryptoPunk‚Äô For $7.5 Million. Now Figma CEO Dylan Field Is Ready To Move Into The ‚ÄòMetaverse.‚Äô","https://www.forbes.com/sites/alexkonrad/2021/03/18/figma-ceo-dylan-field-talks-cryptopunks-nft-beeple-metaverse/","en","False","","1104","Forbes","http://www.forbes.com/"
"1882502133","2021-03-18 14:08:56","High-net-worth millennials are disrupting the art market with crypto","https://www.businessinsider.com/rich-millennials-disrupting-art-market-crypto-nft-non-fungible-tokens-2021-3","en","False","","18710","Business Insider","http://www.businessinsider.com"
"1882564381","2021-03-18 14:58:53","Beeple‚Äôs $69.3 Million Collage and 14 Other Pricey NFTs Dominating the Market","https://www.thewrap.com/nft-beeple-cryptopunks-hashmasks/","en","False","","18704","The Wrap","http://www.thewrap.com"
"1883208340","2021-03-19 09:00:00","Digital Artist Tries to Sell NFTs, Argues Their Values Are Unaffected","https://www.vice.com/en_us/article/4adzqg/digital-artist-tries-to-sell-nfts-argues-their-values-are-unaffected","en","False","","300613","VICE","http://www.vice.com/en_us"
"1883381894","2021-03-19 12:29:34","TikTok star Nathan Apodaca is auctioning an NFT of his viral Fleetwood Mac skateboarding video, and bidding starts at $500,000","https://www.businessinsider.com/nft-fleetwood-mac-dreams-skateboarding-tiktok-auction-500000-2021-3","en","False","","18710","Business Insider","http://www.businessinsider.com"
"1883398065","2021-03-19 12:39:55","Climate-Positive Crypto Art: The Next Big Thing Or NFT Overreach?","https://www.forbes.com/sites/lawrencewintermeyer/2021/03/19/climate-positive-crypto-art-the-next-big-thing-or-nft-overreach/","en","False","","1104","Forbes","http://www.forbes.com/"
"1883613272","2021-03-19 17:38:57","Extra Crunch roundup: AI eats fintech, fundraising visas, no-code transition tips, more","https://techcrunch.com/2021/03/19/extra-crunch-roundup-ai-eats-fintech-fundraising-visas-no-code-transition-tips-more/","en","False","","4438","TechCrunch","http://techcrunch.com"
"1883940917","2021-03-20 05:00:12","Auctions of Cars, Watches and Furniture Heat Up","https://www.nytimes.com/2021/03/20/style/spending-rich-people.html","en","False","","1","New York Times","http://nytimes.com"
"1883984457","2021-03-20 07:15:00","We talked to crypto-art investors to figure out what's driving people to spend millions on NFTs, despite no guarantee their value will increase","https://www.businessinsider.com/why-are-people-buying-nfts-investing-in-nft-crypto-art-2021-3","en","False","","18710","Business Insider","http://www.businessinsider.com"
"1884001063","2021-03-20 08:00:00","We talked to artists, wealth managers, and collectors about the NFT craze. They're worried about what they're seeing.","https://www.businessinsider.com/risks-investing-art-crypto-elon-musk-opensea-beeple-digital-art-2021-3","en","False","","18710","Business Insider","http://www.businessinsider.com"
"1884176194","2021-03-20 12:48:05","NFTs May Be The Sufficiently Advanced Technology Artists Have Needed To Utilize The Power Of Blockchain Tech","https://www.forbes.com/sites/georgehoward/2021/03/20/nfts-may-be-the-sufficiently-advanced-technology-artists-have-needed-to-utilize-the-power-of-blockchain-tech/","en","False","","1104","Forbes","http://www.forbes.com/"
"1884749621","2021-03-21 11:38:32","Billionaires, celebrities, and influencers from Mark Cuban to Lindsay Lohan are joining the NFT craze. Check out what they've auctioned.","https://www.businessinsider.com/nft-celebrities-grimes-mark-cuban-lindsay-lohan-gronk-shawn-mendes-2021-3","en","False","","18710","Business Insider","http://www.businessinsider.com"
"1884768754","2021-03-21 12:04:11","11 of the most expensive pieces of crypto art ever sold, from Beeple to Steve Aoki","https://www.businessinsider.com/most-expensive-nft-list-top-selling-nfts-crypto-art-sales-2021-3","en","False","","18710","Business Insider","http://www.businessinsider.com"
"1884852197","2021-03-21 08:12:18","Crypto art could become a primary source of income for musicians and potentially cut out major labels","http://feedproxy.google.com/~r/businessinsider/~3/7qsinz9DO6g/how-crypto-art-muscians-primary-income-nfts-record-labels-2021-3","en","True","","18710","Business Insider","http://www.businessinsider.com"
"1885164800","2021-03-22 04:03:35","10 things in tech you need to know today","https://www.businessinsider.com/10-things-in-tech-nfts-elonmusk-facebook-22-2021-3","en","False","","18710","Business Insider","http://www.businessinsider.com"
"1885542259","2021-03-22 11:35:09","Beeple, the third-most valuable artist alive, says investing in crypto art is risky as a lot of NFTs 'will absolutely go to zero'","https://www.businessinsider.com/beeple-some-nft-investments-will-hit-zero-crypto-art-bubble-2021-3","en","False","","18710","Business Insider","http://www.businessinsider.com"
"1885201383","2021-03-22 05:00:05","What the Heck are NFTs? Let‚Äôs Ask Beeple.","https://www.nytimes.com/2021/03/22/opinion/sway-kara-swisher-beeple.html","en","False","","1","New York Times","http://nytimes.com"
"1885715075","2021-03-22 15:36:58","Twitter CEO Jack Dorsey's first-ever tweet sold for $2.9 million as an NFT","https://markets.businessinsider.com/currencies/news/jack-dorsey-nft-first-ever-tweet-sold-29-million-twitter-2021-3-1030233702","en","False","","18710","Business Insider","http://www.businessinsider.com"
"1886109199","2021-03-23 04:08:05","10 things in tech you need to know today","https://www.businessinsider.com/10-things-in-tech-nfts-musk-bezos-amazon-2021-3","en","False","","18710","Business Insider","http://www.businessinsider.com"
"1886612929","2021-03-23 14:43:35","Beeple's latest crypto art just sold for $6 million to the same tech executive who was outbid at the last minute for the record-breaking $69 million auction","https://www.businessinsider.com/beeple-sells-latest-nft-runner-up-bidder-record-crypto-art-2021-3","en","False","","18710","Business Insider","http://www.businessinsider.com"
"1886628880","2021-03-23 15:08:00","'Crypto Buds' Unveils Full Collection Of 10,000 Collectible Digital Playing Cards For Sale - Representing First NFT Card Collection Ever Created For A Booming Crypto Art Market","https://www.thestreet.com/press-releases/-crypto-buds-unveils-full-collection-of-10-000-collectible-digital-playing-cards-for-sale-representing-first-nft-card-collection-ever-created-for-a-booming-crypto-art-market-15603892","en","False","","21619","The Street","http://www.thestreet.com"
"1886662359","2021-03-23 15:32:01","SXSW in VR just made me miss the real world even more","https://www.engadget.com/sxsw-2021-vr-finding-pandora-x-193201426.html","en","False","","41231","engadget","http://www.engadget.com/"
"1887474625","2021-03-24 08:35:24","The crypto art community is having a sustainability reckoning","https://www.nbcnews.com/tech/tech-news/crypto-art-community-sustainability-reckoning-rcna481","en","False","","34663","NBC Breaking News","http://www.breakingnews.com#spider"
"1887958235","2021-03-25 02:34:59","As more artists and musicians turn their attention to NFTs, so do bad actors","https://techcrunch.com/2021/03/24/nft_users/","en","False","","4438","TechCrunch","http://techcrunch.com"
"1888197765","2021-03-25 08:15:00","Carbon Offsets for NFTs Don't Address the Deeper Problem","https://earther.gizmodo.com/carbon-offsets-for-nfts-dont-address-the-deeper-problem-1846520183","en","False","","4469","Gizmodo","http://gizmodo.com"
"1888493009","2021-03-25 13:43:10","New York Times Sells Column For Over $550k In NFT Experiment","https://www.forbes.com/sites/jemimamcevoy/2021/03/25/new-york-times-sells-column-for-over-550k-in-nft-experiment/","en","False","","1104","Forbes","http://www.forbes.com/"
"1888513912","2021-03-25 14:31:06","A crypto art piece made as a joke by The New York Times just sold for more than $560,000 in 24 hours","https://www.businessinsider.com/new-york-times-sells-nft-crypto-art-for-600000-2021-3","en","False","","18710","Business Insider","http://www.businessinsider.com"
"1888610500","2021-03-25 10:30:35","Ja Rule Sold A Painting Of The Fyre Festival Logo As An NFT For Over $120K","https://uproxx.com/music/ja-rule-fyre-festival-nft-120k/","en","False","","68816","uproxx.com","http://www.uproxx.com/#spider"
"1888837023","2021-03-26 00:07:31","Q&A: Artist Beeple on selling NFT collage for a record $70M","https://abcnews.go.com/Entertainment/wireStory/qa-artist-beeple-selling-nft-collage-record-70m-76696649","en","False","","39000","ABC News","http://abcnews.go.com/"
"1888845184","2021-03-26 00:07:03","Q&A: Artist Beeple on selling NFT collage for a record $70M","https://www.sfgate.com/entertainment/article/Q-A-Artist-Beeple-on-selling-NFT-collage-for-a-16054613.php","en","True","","14","SF Chronicle","http://www.sfgate.com/"
"1888865188","2021-03-26 00:07:03","Q&A: Artist Beeple on selling NFT collage for a record $70M","https://www.seattletimes.com/business/qa-artist-beeple-on-selling-nft-collage-for-a-record-70m/?utm_source=RSS&utm_medium=Referral&utm_campaign=RSS_all","en","True","","24940","Seattle Times","http://seattletimes.com"
"1889413694","2021-03-26 14:04:37","Crypto art piece sells for R8.4 million","https://www.techradar.com/news/crypto-art-piece-sells-millions/","en","False","","22116","techradar.com","http://www.techradar.com"
"1889311756","2021-03-26 11:49:48","A NYC gallery just became the first to display crypto art physically ‚Äî¬†see how it works","https://www.businessinsider.com/new-york-gallery-display-nft-art-crypto-art-2021-3","en","False","","18710","Business Insider","http://www.businessinsider.com"
"1889815525","2021-03-27 04:01:07","What the NFT crypto art craze means for artists","https://qz.com/1988524/can-more-artists-get-rich-in-the-nft-crypto-art-market/","en","False","","67264","Quartz","http://qz.com/#spider"
"1891294261","2021-03-29 08:42:00","Clubhouse Influencer WOLFxLION AKA Jin Yu Hosts Historic TIME Magazine NFT Drop","https://www.thestreet.com/press-releases/clubhouse-influencer-wolfxlion-aka-jin-yu-hosts-historic-time-magazine-nft-drop-15608108","en","False","","21619","The Street","http://www.thestreet.com"
"1891412073","2021-03-29 11:14:47","Watch Saturday Night Live explain the multi-million dollar phenomenon of crypto art and NFTs in an Eminem parody","https://www.businessinsider.com/saturday-night-live-crypto-art-nft-nonfungible-token-skit-2021-3","en","False","","18710","Business Insider","http://www.businessinsider.com"
"1892522082","2021-03-30 13:40:59","Art‚Äôs NFT Question: Next Frontier in Trading, or a New Form of Tulip?","https://www.nytimes.com/2021/03/30/arts/design/nft-bubble.html","en","False","","1","New York Times","http://nytimes.com"
"1892597194","2021-03-30 15:17:42","NFTs are suddenly everywhere, but they have some big problems","http://rss.cnn.com/~r/rss/cnn_latest/~3/lRHD44bTwIM/index.html","en","False","","1095","CNN","http://www.cnn.com/"
"1892599867","2021-03-30 15:26:31","NFT art marketplace SuperRare closes $9 million Series A","https://techcrunch.com/2021/03/30/nft-art-marketplace-superrare-closes-9-million-series-a/","en","False","","4438","TechCrunch","http://techcrunch.com"
"1892345738","2021-03-30 09:01:01","NBA Top Shot Maker Collects $2.6 Billion Valuation On NFT Fervor","https://www.forbes.com/sites/brettknight/2021/03/30/nba-top-shot-dapper-labs-nft-funding/","en","False","","1104","Forbes","http://www.forbes.com/"
"1893359772","2021-03-31 11:58:15","I became a meme: Confessions from viral social-media sensations","https://nypost.com/2021/03/31/i-became-a-meme-what-its-like-to-go-viral-on-social-media/","en","False","","7","New York Post","http://www.nypost.com/"
"1892641580","2021-03-30 16:48:06","The mysterious buyers of Beeple's $69 million crypto art piece revealed their real names: 'these pseudonyms were never meant to be masks'","https://www.businessinsider.com/beeple-nft-art-buyers-reveal-names-who-is-metakovan-twobadour-2021-3","en","False","","18710","Business Insider","http://www.businessinsider.com"
"1894214587","2021-04-01 09:42:40","NFTs: why digital art has such a massive carbon footprint","https://theconversation.com/nfts-why-digital-art-has-such-a-massive-carbon-footprint-158077","en","False","","54346","Conversation","https://theconversation.com/us"
"1892953459","2021-03-30 18:09:22","NFTs are suddenly everywhere, but they have some big problems","http://rss.cnn.com/~r/rss/cnn_topstories/~3/lRHD44bTwIM/index.html","en","False","","20088","CNN U.S. Edition","http://us.cnn.com"
"1894526898","2021-04-01 16:03:45","NFL player Taylor Rapp is launching an NFT collection to fight anti-Asian hate. A chief investment officer breaks down why NFTs are 'psychological assets' that could surge when a large network of people assigns value to them.","https://www.businessinsider.com/nfts-could-surge-value-network-effect-taylor-rapp-nfl-collection-2021-4","en","False","","18710","Business Insider","http://www.businessinsider.com"
"1894569312","2021-04-01 16:47:46","Crypto-art investors could face a surprise on tax day since NFTs can lead to a hefty tax bill","https://www.businessinsider.com/nft-tax-crypto-art-sales-explained-2021-4","en","False","","18710","Business Insider","http://www.businessinsider.com"
"1892498860","2021-03-30 12:30:48","Hypnotic loops and self-soothing sounds: the rise of #OddlySatisfying and visual ASMR","https://www.theguardian.com/artanddesign/2021/mar/31/hypnotic-loops-and-self-soothing-sounds-the-rise-of-oddlysatisfying-and-visual-asmr","en","False","","1751","Guardian US","https://www.theguardian.com/us"
"1894685693","2021-04-01 20:00:00","Phillips Auction House And Virtual Modeling Agency The Diigitals Enter NFT Space With Their Own Unique Offerings","https://www.forbes.com/sites/cathyhackl/2021/04/01/phillips-auction-house-and-virtual-modeling-agency-the-diigitals-enter-nft-space-with-their-own-unique-offerings/","en","False","","1104","Forbes","http://www.forbes.com/"
"1895137474","2021-04-02 08:12:17","NFTs: Fad or future? 2 experts weigh in","http://rss.cnn.com/~r/rss/cnn_latest/~3/GVX3go_oVsU/index.html","en","False","","20088","CNN U.S. Edition","http://us.cnn.com"
"1895151703","2021-04-02 08:12:17","NFTs: Fad or future? 2 experts weigh in","http://rss.cnn.com/~r/rss/cnn_latest/~3/GVX3go_oVsU/index.html","en","False","","1095","CNN","http://www.cnn.com/"
"1895264966","2021-04-02 10:59:03","The Troubadour, 9:30 Club & More Launch NFT Fundraiser With Exclusive Perks","https://www.billboard.com/articles/news/9550113/troubadour-930-club-launch-nft-fundraiser-exclusive-perks/","en","False","","19194","Billboard","http://www.billboard.com"
"1895292657","2021-04-02 11:18:00","Independent Venues Troubadour, 9:30 Club, First Avenue & More Launch ""Golden Ticket"" NFT Fundraiser With Renowned Artist Young & Sick In Partnership With Goldflyer And NIVA","https://www.thestreet.com/press-releases/independent-venues-troubadour-9-30-club-first-avenue-amp-more-launch-quot-golden-ticket-quot-nft-fundraiser-with-renowned-artist-young-amp-sick-in-partnership-with-goldflyer-and-niva-15613469","en","False","","21619","The Street","http://www.thestreet.com"
"1897375106","2021-04-05 03:24:44","10 things in tech you need to know today","http://feedproxy.google.com/~r/businessinsider/~3/pC2jjc0dcQ0/10-things-in-tech-wework-bezos-nfl-coinbase-2021-4","en","False","","18710","Business Insider","http://www.businessinsider.com"
"1897772317","2021-04-05 12:11:37","Take a look at the digital 'Mars House' that just sold for over $500,000 - the world's first crypto real-estate sale","http://feedproxy.google.com/~r/businessinsider/~3/_9Ooa5UWhxI/real-estate-nf-home-mars-house-sells-for-half-million-2021-4","en","False","","18710","Business Insider","http://www.businessinsider.com"
"1898608683","2021-04-06 08:32:00","Mail-Art Company, Tellinga, Now Offers Non-fungible Token (NFT) Crypto Art As Part Of Custom-Created Mailing Experiences - Unique Digital Gifts Backed By Power Of The Blockchain","https://www.thestreet.com/press-releases/mail-art-company-tellinga-now-offers-non-fungible-token-nft-crypto-art-as-part-of-custom-created-mailing-experiences-unique-digital-gifts-backed-by-power-of-the-blockchain-15615204","en","False","","21619","The Street","http://www.thestreet.com"
"1898857288","2021-04-06 12:09:58","Has the NFT Bubble Popped Already? Market Data Suggests New Deals Might Be DOA","https://observer.com/2021/04/nft-crypto-bubble-trading-decline/","en","False","","21091","observer.com","http://www.observer.com"
"1898931998","2021-04-06 14:05:08","Five Things Artists Should Know (and Do) Before Getting Into NFTs","https://observer.com/2021/04/five-things-artists-should-know-and-do-before-getting-into-nfts/","en","False","","21091","observer.com","http://www.observer.com"
"1899815038","2021-04-07 09:00:35","Bootsy Collins Brings the Good News Groove With New Video for &#8216;Slide Eazy&#8217;","https://www.rollingstone.com/music/music-news/bootsy-collins-slide-eazy-music-video-1151952/","en","False","","5521","Rolling Stone","http://www.rollingstone.com"
"1900113367","2021-04-07 16:10:06","How Kings of Leon remixed the typical album launch using NFTs, convinced fans to try it out, and earned $2 million in 2 weeks","https://www.businessinsider.com/kings-of-leon-nfts-for-events-yellowheart-ceo-josh-katz-2021-4","en","False","","18710","Business Insider","http://www.businessinsider.com"
"1902226330","2021-04-14 05:50:00","Coinbase's big day - JPMorgan poaches Marcus exec - Merrill trainees are still on pause","http://feedproxy.google.com/~r/businessinsider/~3/wUjqHmkpW0s/top-finance-stories-of-the-day-for-april-14-2021-4","en","False","","18710","Business Insider","http://www.businessinsider.com"
"1902378817","2021-04-14 08:30:33","Read more coverage of Coinbase and the rise of cryptocurrencies.","https://www.nytimes.com/live/2021/04/14/business/stock-market-today/read-more-coverage-of-coinbase-and-the-rise-of-cryptocurrencies","en","False","","1","New York Times","http://nytimes.com"
"1898800466","2021-04-06 11:45:38","NFTs give artists the chance to reverse their extinction","http://feedproxy.google.com/~r/businessinsider/~3/RGATnadCIwU/nft-art-crypto-revenue-stream-death-of-the-artist-revival-2021-4","en","False","","18710","Business Insider","http://www.businessinsider.com"
"1902909914","2021-04-14 15:46:00","Digital Artist Pak Sells NFT Works for $17 Million at Sotheby's","https://www.wsj.com/articles/sothebys-enters-nft-market-with-17-million-sale-of-art-by-enigmatic-artist-pak-11618429617","en","False","","1150","Wall Street Journal","https://www.wsj.com/"
"1903511701","2021-04-15 09:08:09","Beyond Crypto Art: Exploring The NFT Landscape In Music, Gaming, And Industrial Design","http://feeds.benzinga.com/~r/benzinga/~3/9daRgU3ciyY/beyond-crypto-art-exploring-the-nft-landscape-in-music-gaming-and-industrial-design","en","False","","22041","Benzinga","http://www.benzinga.com"
"1904039652","2021-04-15 06:00:00","What do NFTs mean for art? And for the Earth?","https://grist.org/ask-umbra-series/what-do-nfts-mean-for-art-and-for-the-earth/","en","False","","27343","Grist","http://grist.org/"
"1883394359","2021-03-19 12:57:46","People on the West Coast are largely driving the conversation around crypto art, with Middle America showing the least interest","http://feedproxy.google.com/~r/businessinsider/~3/bDDwd4_BbC4/nft-interest-driven-by-west-coast-middle-america-least-interested-2021-3","en","False","","18710","Business Insider","http://www.businessinsider.com"
"1879645582","2021-03-15 13:53:01","People are reporting thousands of dollars worth of crypto art was stolen on an NFT marketplace","http://feedproxy.google.com/~r/businessinsider/~3/abfBpl3IdzU/stolen-nfts-on-nifty-gateway-reports-nft-art-marketplace-2021-3","en","False","","18710","Business Insider","http://www.businessinsider.com"
"1876303676","2021-03-11 10:54:56","This digital art just sold for nearly $70 million - the highest crypto-art sale to date","http://feedproxy.google.com/~r/businessinsider/~3/gQ4dBIWELQw/art-auction-nft-beeple-top-selling-most-expensive-sale-millions-2021-3","en","False","","18710","Business Insider","http://www.businessinsider.com"
"1875475671","2021-03-10 14:05:06","Chipotle CEO Brian Niccol shares his playbook for leading the chain to $2.8 billion in digital sales in just three years","http://feedproxy.google.com/~r/businessinsider/~3/DrJgGqDhsQM/chipotle-ceo-brian-niccol-shares-playbook-for-growing-digital-sales-2021-3","en","False","","18710","Business Insider","http://www.businessinsider.com"
"1874408595","2021-03-09 14:08:30","People are buying and selling crypto collectibles in a $250 million market - check out the sites where you can browse and bid on them","http://feedproxy.google.com/~r/businessinsider/~3/n83xYpQYfJ4/nft-marketplaces-where-to-buy-sell-non-fungible-tokens-online-2021-3","en","False","","18710","Business Insider","http://www.businessinsider.com"
"1869939311","2021-03-04 11:05:39","A digital artist known for his satirical work is breaking sales records, making over $10 million on 2 crypto-art pieces","http://feedproxy.google.com/~r/businessinsider/~3/9-8CdGjJbpg/art-nft-beeple-blockchain-pieces-sell-for-millions-2021-3","en","False","","18710","Business Insider","http://www.businessinsider.com"
"1868838625","2021-03-03 10:31:40","Adobe's CPO on why crypto art is likely the greatest unlock of artist opportunity in 100+ years","http://feedproxy.google.com/~r/businessinsider/~3/eAG6yDp_p3I/scott-belsky-crypto-art-will-disrupt-art-industry-adobe-cpo-2021-3","en","False","","18710","Business Insider","http://www.businessinsider.com"
"1866756308","2021-03-01 10:38:09","Grimes just made $5.8 million in under 20 minutes selling crypto-based artwork","http://feedproxy.google.com/~r/businessinsider/~3/EOdd-Cj92Mo/grimes-nft-art-warnymph-sells-for-millions-20-minutes-2021-3","en","False","","18710","Business Insider","http://www.businessinsider.com"
"1907351561","2021-04-20 08:00:00","NFTs and AI Are Unsettling the Very Concept of History","https://www.wired.com/story/nfts-and-ai-are-unsettling-the-very-concept-of-history","en","False","","39849","wired","http://www.wired.com/"
"1907588903","2021-04-20 16:10:00","What's Going On With Paris Hilton's Pivot to NFT Influencer?","https://jezebel.com/whats-going-on-with-paris-hiltons-pivot-to-nft-influenc-1846724870","en","False","","6154","Jezebel","http://jezebel.com"
"1909491294","2021-04-22 08:28:02","What Digital Clothes Could Mean For The Environment","https://www.refinery29.com/en-us/2021/04/10430494/digital-fashion-environment-meaning?utm_source=feed&utm_medium=rss","en","False","","104698","Refinery29","http://www.refinery29.com"
"1911364245","2021-04-24 07:45:00","NFT sale prices are dropping, but experts say it might not be a bad sign","https://www.businessinsider.com/is-nft-market-bubble-crypto-art-sales-popular-prices-plunge-2021-4","en","False","","18710","Business Insider","http://www.businessinsider.com"
"1911932588","2021-04-25 03:15:00","Big spenders drive up price of stuff","https://www.arkansasonline.com/news/2021/apr/25/big-spenders-drive-up-price-of-stuff/","en","False","","56","Arkansas Democrat-Gazette ","http://www2.arkansasonline.com/"
"1912442526","2021-04-25 16:35:29","There‚Äôs a Chadwick Boseman NFT card in the Oscar swag bag","https://qz.com/2001225/whats-in-the-2021-oscar-swag-bag/","en","False","","67264","Quartz","http://qz.com/#spider"
"1914376682","2021-04-27 12:47:00","Concept Art House And Gala Games Announce Partnership To Build End-to-End NFT Solution For World's Leading IP's, Creative Works","https://www.thestreet.com/press-releases/concept-art-house-and-gala-games-announce-partnership-to-build-end-to-end-nft-solution-for-world-s-leading-ip-s-creative-works-15637172","en","False","","21619","The Street","http://www.thestreet.com"
"1914500283","2021-04-27 15:28:56","‚ÄúBlockchain Is a Perfect Record Keeper‚Äù: Could the Viral NFT Craze Help Countries Reclaim Their Stolen Art?","https://www.vanityfair.com/news/2021/04/blockchain-is-a-perfect-record-keeper-could-the-viral-nft-craze-help-countries-reclaim-their-stolen-art","en","False","","20982","Vanity Fair","http://www.vanityfair.com"
"1915198911","2021-04-28 07:39:31","Record-breaking digital artist Beeple says the NFT craze is just like the dotcom bubble of the late 1990s","https://markets.businessinsider.com/currencies/news/beeple-nft-craze-dotcom-bubble-crypto-art-digital-2021-4-1030357489","en","False","","18710","Business Insider","http://www.businessinsider.com"
"1915643741","2021-04-28 15:05:01","Lobus raises $6 million for an art management platform on the blockchain","https://techcrunch.com/2021/04/28/lobus-raises-6-million-for-an-art-management-platform-on-the-blockchain/","en","False","","4438","TechCrunch","http://techcrunch.com"
"1916787271","2021-04-29 16:20:11","NFTs Combat Bubble Burst Claims As Real Life Use Cases Push Forward","https://www.forbes.com/sites/lawrencewintermeyer/2021/04/29/nfts-combat-bubble-burst-claims-as-real-life-use-cases-push-forward/","en","False","","1104","Forbes","http://www.forbes.com/"
"1916872981","2021-04-29 17:39:00","A meme gold rush? Classic viral images are selling as NFTs for thousands of dollars","https://www.nbcnews.com/pop-culture/pop-culture-news/meme-gold-rush-classic-viral-images-are-selling-nfts-thousands-n1265875","en","False","","34663","NBC Breaking News","http://www.breakingnews.com#spider"
"1925903114","2021-05-09 06:00:23","Op-Ed: NFTs are digital tulip fever: Would you pay thousands for a bar code?","https://www.latimes.com/opinion/story/2021-05-09/nft-art-token-blockchain","en","False","","6","LA Times","http://www.latimes.com/"
"1927511623","2021-05-11 03:00:07","Africa‚Äôs first crypto art collections have investors and creators feeling optimistic","https://qz.com/africa/2007176/africas-first-crypto-art-collections-is-inspiring-optimism/","en","False","","67264","Quartz","http://qz.com/#spider"
"1928134293","2021-05-11 13:07:00","Concept Art House Announces Funding To Boost Unrivaled NFT Platform","https://www.thestreet.com/press-releases/concept-art-house-announces-funding-to-boost-unrivaled-nft-platform-15651776","en","False","","21619","The Street","http://www.thestreet.com"
"1928754202","2021-05-12 04:59:36","Christie's auctioned a set of 9 CryptoPunk NFTs for almost $17 million - almost double their expected value","http://feedproxy.google.com/~r/businessinsider/~3/f_Grf9nwvls/cryptopunk-nft-christies-auction-value-crypto-art-larvalabs-2021-5","en","False","","18710","Business Insider","http://www.businessinsider.com"
"1932516228","2021-05-15 21:34:00","A Porn Site Sold an NFT, so Of Course the Winner‚Äôs Username Is NSFW","https://gizmodo.com/a-porn-site-sold-an-nft-so-of-course-the-winner-s-user-1846904244","en","False","","4469","Gizmodo","http://gizmodo.com"
"1935982277","2021-05-19 12:33:40","Christie's CEO: Andy Warhol is the next NFT star","http://rss.cnn.com/~r/rss/cnn_latest/~3/py9dfdeTj_E/index.html","en","False","","1095","CNN","http://www.cnn.com/"
"1936441174","2021-05-18 13:52:07","After Months of Profit, a New Report Indicates that NFT Sales Appear to be Slowing","https://observer.com/2021/05/nft-sales-slowing-new-report/","en","False","","21091","observer.com","http://www.observer.com"
"1938006775","2021-05-21 08:47:40","Scorer of best Euro 2020 goal to get Russian digital trophy","https://www.seattletimes.com/sports/scorer-of-best-euro-2020-goal-to-get-russian-digital-trophy/?utm_source=RSS&utm_medium=Referral&utm_campaign=RSS_all","en","True","","24940","Seattle Times","http://seattletimes.com"
"1938473178","2021-05-21 17:40:00","Social NFT Platform DeFine Partners With WDAS For Its First NFT Charity Auction That Raised 219,000 USDT","https://www.thestreet.com/press-releases/social-nft-platform-define-partners-with-wdas-for-its-first-nft-charity-auction-that-raised-219-000-usdt-15663135","en","False","","21619","The Street","http://www.thestreet.com"
"1939217231","2021-05-22 16:38:37","Instagram Is Looking To Create An NFT Platform But Is Overlooking Artists","https://www.forbes.com/sites/jacksonweimer/2021/05/22/instagram-is-looking-to-create-an-nft-platform-but-is-overlooking-artists/","en","False","","1104","Forbes","http://www.forbes.com/"
"1939306150","2021-05-19 12:33:40","Christie's CEO: Andy Warhol is the next NFT star","http://rss.cnn.com/~r/rss/cnn_topstories/~3/py9dfdeTj_E/index.html","en","False","","20088","CNN U.S. Edition","http://us.cnn.com"
"1939742741","2021-05-23 10:57:04","The family behind 'Charlie Bit My Finger' sold the original viral video as an NFT for over $760,000","http://feedproxy.google.com/~r/businessinsider/~3/HLN96G9ZUDU/charlie-bit-my-finger-viral-video-sold-for-over-760000-nft-2021-5","en","False","","18710","Business Insider","http://www.businessinsider.com"
"1941792580","2021-05-25 12:58:48","Green Light: Musicians Back Eco-Friendlier NFTs","https://www.forbes.com/sites/eamonnforde/2021/05/25/green-light-musicians-back-eco-friendlier-nfts/","en","False","","1104","Forbes","http://www.forbes.com/"
"1943976409","2021-05-27 11:40:00","NFT Blue, Leader In NFT Rights Management, Readies Albert Einstein Tribute NFT Project With Edutainment Group Studyum.io","https://www.thestreet.com/press-releases/nft-blue-leader-in-nft-rights-management-readies-albert-einstein-tribute-nft-project-with-edutainment-group-studyum-io-15668558","en","False","computers and the internet","21619","The Street","http://www.thestreet.com"
"1948068802","2021-06-01 12:29:34","Metaverse Weekly: Virtual Gucci Pursues, Digital People, Direct To Avatar Ecosytem, Nerf, NFTs And Beyond.","https://www.forbes.com/sites/cathyhackl/2021/06/01/metaverse-weekly-virtual-gucci-pursues-digital-people-direct-to-avatar-ecosytem-nerf-nfts-and-beyond/","en","False","computers and the internet, apparel","1104","Forbes","http://www.forbes.com/"
"1950143786","2021-06-03 10:09:41","NFT sales plummet nearly 90% from their peak as collectibles market cools","https://markets.businessinsider.com/currencies/news/nft-sales-plummet-from-peak-collectibles-market-cools-crypto-2021-6-1030491873","en","False","art, sales, auctions, collectors and collections","18710","Business Insider","http://www.businessinsider.com"
"1951324073","2021-06-04 12:15:00","Writing The Future: 4 Street Art Legends At 2B Art & Toys Gallery","https://www.thestreet.com/press-releases/writing-the-future-4-street-art-legends-at-2b-art-amp-toys-gallery-15675781","en","False","art","21619","The Street","http://www.thestreet.com"
"1952245069","2021-06-05 14:50:04","Thousands Descend on Miami to Glorify Bitcoin","https://www.nytimes.com/2021/06/05/technology/miami-worship-bitcoin.html","en","False","","1","New York Times","http://nytimes.com"
"1953626752","2021-06-07 08:51:00","'Look Out! The Swarm Is Coming!' - Producer Nicole Natale Makes Absolute Digital-Art History By Offering Complete Movie Production As Single NFT Purchase","https://www.thestreet.com/press-releases/-look-out-the-swarm-is-coming-producer-nicole-natale-makes-absolute-digital-art-history-by-offering-complete-movie-production-as-single-nft-purchase-15676667","en","False","motion pictures","21619","The Street","http://www.thestreet.com"
"1956097859","2021-06-09 12:37:38","Meet the millennial crypto-art entrepreneurs backed by Scooter Braun who want to dominate the 'wild, wild west' of the NFT market","https://www.businessinsider.com/crypto-art-nft-millennial-entrepreneurs-ikonick-disrupting-market-2021-6","en","False","computers and the internet, art","18710","Business Insider","http://www.businessinsider.com"
"1956117689","2021-06-09 13:30:00","The Dark, Democratizing Power of the Social-Media Stock Market","https://www.newyorker.com/tech/annals-of-technology/the-dark-democratizing-power-of-the-social-media-stock-market","en","False","computers and the internet, finances, stocks and bonds","1101","New Yorker","http://www.newyorker.com/"
"1958117851","2021-06-11 09:20:01","Money Isn't Everything -- Use Cases Expand as Prices Drop for Bitcoin & NFTs","http://feeds.benzinga.com/~r/benzinga/~3/VAYutFV6PyQ/money-isnt-everything-use-cases-expand-as-prices-drop-for-bitcoin-nfts","en","False","finances, economic conditions and trends, prices (fares, fees and rates), credit","22041","Benzinga","http://www.benzinga.com"
"1958444883","2021-06-11 15:42:48","Migos Hitting 4 Cities at Once via Hologram to Talk 'Culture III' Album","https://www.tmz.com/2021/06/11/migos-hologram-culture-3-album-four-different-cities/","en","False","recordings (audio)","56051","TMZ","http://tmz.com/"
"1960579969","2021-06-14 09:30:06","The Art World Returns to a New Normal","https://www.nytimes.com/2021/06/14/t-magazine/art-issue-new-normal.html","en","False","art","1","New York Times","http://nytimes.com"
"1960829137","2021-06-14 14:05:00","The 15th And 21st Centuries Meet: Leonardo Da Vinci's Head Of A Bear Reborn In The Metaverse By Hackatao","https://www.thestreet.com/press-releases/the-15th-and-21st-centuries-meet-leonardo-da-vinci-s-head-of-a-bear-reborn-in-the-metaverse-by-hackatao-15683810","en","False","art","21619","The Street","http://www.thestreet.com"
"1961546173","2021-06-15 08:00:02","Selling Invisible Art Is Fraud | Opinion","https://www.newsweek.com/selling-invisible-art-fraud-opinion-1600489","en","False","computers and the internet, finances, art, frauds and swindling, auctions","1098","Newsweek ","http://www.newsweek.com/"
"1961549538","2021-06-15 08:00:02","Selling Invisible Art Is Fraud | Opinion","https://www.newsweek.com/selling-invisible-art-fraud-opinion-1600489","en","False","computers and the internet, finances, art, frauds and swindling, auctions","56510","Newsweek","http://newsweek.com/"
"1961556973","2021-06-15 08:10:00","A VC shares the crypto investing strategy that increased his fund size sixfold in 4 years. He lays out his unique use case for betting on Polkadot's DOT ‚Äî a token that's surged 200% this year","https://www.businessinsider.com/crypto-investing-outlook-vc-strategy-thesis-ethereum-polkadot-dot-cosmos-2021-6","en","False","computers and the internet, finances","18710","Business Insider","http://www.businessinsider.com"
"1961642104","2021-06-15 09:21:03","World wide web creator Tim Berners-Lee is auctioning his source code as an NFT","https://www.businessinsider.com/tim-berners-lee-nft-auction-source-code-world-wide-web-2021-6","en","False","computers and the internet, computer software","18710","Business Insider","http://www.businessinsider.com"
"1961556970","2021-06-15 08:15:09","Joe Exotic from 'Tiger King' is selling his first NFT collection from his prison cell","https://www.businessinsider.com/joe-exotic-netflix-tiger-king-releasing-nft-collection-from-prison-2021-6","en","False","","18710","Business Insider","http://www.businessinsider.com"
"1961785732","2021-06-15 11:10:00","Concept Art House Names Rob Winkler Head Of Games","https://www.thestreet.com/press-releases/concept-art-house-names-rob-winkler-head-of-games-15685321","en","False","computer and video games","21619","The Street","http://www.thestreet.com"
"1962993859","2021-06-16 13:03:46","‚ÄòWe‚Äôre working towards Afrofuturism‚Äô: inside a radical new NFT exhibition","https://www.theguardian.com/artanddesign/2021/jun/16/nft-physical-gallery-afrofuturistic-cryptoart","en","False","politics and government, computers and the internet, blacks, discrimination","1751","Guardian US","https://www.theguardian.com/us"
"1963011856","2021-06-16 13:03:46","‚ÄòWe‚Äôre working towards Afrofuturism‚Äô: inside a radical new NFT exhibition","https://www.theguardian.com/artanddesign/2021/jun/16/nft-physical-gallery-afrofuturistic-cryptoart","en","False","politics and government, computers and the internet, blacks, discrimination","623382","Guardian","http://www.theguardian.com/us"
"1965281474","2021-06-18 14:25:24","Stella Artois Gallops Into The Metaverse With Horse Racing NFTs","https://www.forbes.com/sites/cathyhackl/2021/06/18/stella-artois-gallops-into-the-metaverse-with-horse-racing-nfts/","en","False","computers and the internet, medicine and health, horse racing, diseases and conditions","1104","Forbes","http://www.forbes.com/"
"1966124432","2021-06-19 15:37:13","‚ÄúThe Digital Diaspora‚Äù Curator Diana Sinclair Talks NFTs, Afrofuturism, and Crypto","https://observer.com/2021/06/diana-sinclair-digital-diaspora-nft-interview/","en","False","art, photography","21091","observer.com","http://www.observer.com"
"1969211702","2021-06-22 09:40:37","This Year‚Äôs Crypto and Digital Art Fair is Highlighting the Work of Women Curators","https://observer.com/2021/06/cadaf-online-digital-art-month-female-curators/","en","False","computers and the internet, recordings (audio), art","21091","observer.com","http://www.observer.com"
"1972080078","2021-06-25 11:02:33","How East Goes Global‚Äôs NFT Partnership Is Empowering Artists","https://www.forbes.com/sites/andreazarczynski/2021/06/25/how-east-goes-globals-nft-partnership-is-empowering-artists/","en","False","computers and the internet, music","1104","Forbes","http://www.forbes.com/"
"1975131934","2021-06-29 03:08:14","From Tattoos To Tokens At Tokyo's First Crypto Art Show","https://www.ibtimes.com/tattoos-tokens-tokyos-first-crypto-art-show-3238336?utm_source=Public&utm_medium=Feed&utm_campaign=Distribution","en","False","computers and the internet, art, trade shows and fairs","41550","IBTimes","http://www.ibtimes.com/"
"1977699221","2021-07-01 09:00:00","EWorld Companies, Inc. Announces Upcoming Release Of New Limited Edition Bitcoin Wine NFT","https://www.thestreet.com/press-releases/eworld-companies-inc-announces-upcoming-release-of-new-limited-edition-bitcoin-wine-nft-15700967","en","False","computers and the internet","21619","The Street","http://www.thestreet.com"
"1978089141","2021-07-01 16:40:37","Crypto art about gender transition fetches $2.16 million at Christie‚Äôs","https://www.oann.com/crypto-art-about-gender-transition-fetches-2-16-million-at-christies/?utm_source=rss&utm_medium=rss&utm_campaign=crypto-art-about-gender-transition-fetches-2-16-million-at-christies","en","False","computers and the internet, art, auctions","127733","Oan","http://oann.com/"
"1980074687","2021-07-03 09:00:18","Sotheby‚Äôs Just Sold an NFT Version of the World Wide Web‚Äôs Source Code","https://observer.com/2021/07/sothebys-nft-world-wide-web-source-code/","en","False","computers and the internet, art, auctions","21091","observer.com","http://www.observer.com"
"1983310238","2021-07-07 09:00:00","The Rebirth Of NFTs: Moving Beyond The Initial Hype","https://www.forbes.com/sites/leeorshimron/2021/07/07/the-rebirth-of-nfts-moving-beyond-the-initial-hype/","en","False","","1104","Forbes","http://www.forbes.com/"
"1985014643","2021-07-08 22:45:17","Buddhist Digital Amulets Mark Thai Entry Into Crypto Art Craze","https://www.ibtimes.com/buddhist-digital-amulets-mark-thai-entry-crypto-art-craze-3247825?utm_source=Public&utm_medium=Feed&utm_campaign=Distribution","en","False","computers and the internet, art, auctions","41550","IBTimes","http://www.ibtimes.com/"
